Черный;0,0,0;0,0,0;0,0,0,100;000000
Темно-синий (цвет формы морских офицеров);240,100,50;0,0,128;100,100,0,50;000080
Темно-синий,ультрамариновый;240,100,55;0,0,139;100,100,0,45;00008B
Синий;240,100,100;0,0,255;100,100,0,0;0000FF
Очень темный синевато-зеленый;170,100,11;0,29,24;100,0,17,89;001D18
Темно-синий;204,100,22;0,33,55;100,40,0,78;002137
Очень глубокий желтовато-зеленый;120,100,16;0,40,0;100,0,100,84;002800
Глубокий синий;207,100,33;0,47,85;100,45,0,67;002F55
Берлинская лазурь;205,100,33;0,49,83;100,41,0,67;003153
Полуночно-синий;210,100,40;0,51,102;100,50,0,60;003366
Синяя пыль;220,100,60;0,51,153;100,67,0,40;003399
Глубокий синевато-зеленый;166,100,22;0,56,43;100,0,23,78;00382B
Темный зеленовато-синий;188,100,25;0,56,65;100,14,0,75;003841
Мертвенный индиго;203,100,42;0,65,106;100,39,0,58;00416A
Глубокий зеленый;151,100,27;0,69,36;100,0,48,73;004524
Кобальт синий;215,100,67;0,71,171;100,58,0,33;0047AB
Зеленый орел;187,100,33;0,73,83;100,12,0,67;004953
Насыщенный синий;204,100,54;0,83,138;100,40,0,46;00538A
Глубокий желтовато-зеленый;142,100,33;0,84,31;100,0,63,67;00541F
Темно-зеленый,травяной;120,100,39;0,100,0;100,0,100,61;006400
Зеленый Мичиганского государственного университета;150,100,40;0,102,51;100,0,50,60;006633
Насыщенный зеленовато-синий;191,100,49;0,103,126;100,18,0,51;00677E
Средний персидский синий;203,100,65;0,103,165;100,38,0,35;0067A5
Дартмутский зеленый;155,100,41;0,105,62;100,0,41,59;00693E
Насыщенный зеленый;154,100,42;0,107,60;100,0,44,58;006B3C
Насыщенный синевато-зеленый;170,100,43;0,109,91;100,0,17,57;006D5B
Лазурно-серый (Зеленовато-синий);196,100,65;0,123,167;100,26,0,35;007BA7
Ярко-синий;197,100,68;0,124,173;100,28,0,32;007CAD
Яркий зеленый;145,100,49;0,125,52;100,0,58,51;007D34
Синий Градуса;211,100,100;0,125,255;100,51,0,0;007DFF
Лазурный;210,100,100;0,127,255;100,50,0,0;007FFF
Зеленый;120,100,50;0,128,0;100,0,100,50;008000
Сине-зеленый цвета окраски чирка (птица));180,100,50;0,128,128;100,0,0,50;008080
Яркий синевато-зеленый;170,100,51;0,131,110;100,0,16,49;00836E
Темный циан;180,100,55;0,139,139;100,0,0,45;008B8B
Воды пляжа Бонди;191,100,71;0,149,182;100,18,0,29;0095B6
Мусульманский зеленый;120,100,60;0,153,0;100,0,100,40;009900
Зеленый трилистник;159,100,60;0,154,99;100,0,36,40;009A63
Блестящий синевато-зеленый;166,100,61;0,155,118;100,0,24,39;009B76
Пигментный зеленый;149,100,65;0,165,80;100,0,52,35;00A550
Персидский зеленый;173,100,65;0,166,147;100,0,11,35;00A693
Нефритовый;158,100,66;0,168,107;100,0,36,34;00A86B
Голубой;195,100,100;0,191,255;100,25,0,0;00BFFF
Цвет яйца дрозда;180,100,80;0,204,204;100,0,0,20;00CCCC
Умеренный весенний зеленый;157,100,98;0,250,154;100,0,38,2;00FA9A
Лайм;120,100,100;0,255,0;100,0,100,0;00FF00
Весеннезеленый (Зеленая весна);150,100,100;0,255,127;100,0,50,0;00FF7F
Циан,цвет морской волны;180,100,100;0,255,255;100,0,0,0;00FFFF
Темно-зеленый;158,98,20;1,50,32;98,0,36,80;013220
Темный синевато-зеленый;173,98,23;1,58,51;98,0,12,77;013A33
Опаловый зеленый;173,99,36;1,93,82;99,0,12,64;015D52
Зеленая сосна;175,99,47;1,121,111;99,0,8,53;01796F
Очень темный зеленовато-синий;191,95,15;2,32,39;95,18,0,85;022027
Лазурно-синий;191,98,41;2,86,105;98,18,0,59;025669
Темный пастельно-зеленый;138,98,75;3,192,60;98,0,69,25;03C03C
Транспортный синий;211,95,44;6,57,113;95,50,0,56;063971
Сапфировый;222,92,40;8,37,103;92,64,0,60;082567
Темно-лазурный;209,94,49;8,69,126;94,45,0,51;08457E
Ярко-бирюзовый;177,97,91;8,232,222;97,0,4,9;08E8DE
Черный янтарь;0,0,4;10,10,10;0,0,0,96;0A0A0A
Насыщенный оливково-зеленый;111,100,27;10,69,0;86,0,100,73;0A4500
Малахитовый;140,95,85;11,218,81;95,0,63,15;0BDA51
Сине-зеленый Крайола;192,93,73;13,152,186;93,18,0,27;0D98BA
Горечавково-синий;213,81,29;14,41,75;81,45,0,71;0E294B
Перламутровый ночной;215,81,33;16,44,84;81,48,0,67;102C54
Темно-бирюзовый;181,83,38;17,96,98;83,2,0,62;116062
Зелено-синий Крайола;209,91,71;17,100,180;91,44,0,29;1164B4
Ультрамариновый;244,93,56;18,10,143;87,93,0,44;120A8F
Оливково-черный;107,36,10;18,25,16;28,0,36,90;121910
Фталоцианитовый зеленый;151,66,21;18,53,36;66,0,32,79;123524
Почти черный;0,0,7;19,19,19;0,0,0,93;131313
Очень темный желтовато-зеленый;117,54,15;19,39,18;51,0,54,85;132712
Индийский зеленый;115,94,53;19,136,8;86,0,94,47;138808
Коричневато-черный;27,45,8;20,15,11;0,25,45,92;140F0B
Черновато-зеленый;100,14,9;20,22,19;9,0,14,91;141613
Глубокий оливково-зеленый;86,100,14;20,35,0;43,0,100,86;142300
Синевато-черный;210,16,10;21,23,25;16,8,0,90;151719
Джинсовый синий;213,89,74;21,96,189;89,49,0,26;1560BD
Зеленая сосна Крайола;176,84,50;21,128,120;84,0,6,50;158078
Черновато-синий;210,27,12;22,26,30;27,13,0,88;161A1E
Очень темный зеленый;144,41,15;22,37,28;41,0,24,85;16251C
Темный весенне-зеленый;150,80,45;23,114,69;80,0,39,55;177245
Мокрый тропический лес;169,82,50;23,128,109;82,0,15,50;17806D
Зеленовато-черный;24,21,9;24,21,19;0,12,21,91;181513
Черно-синий;252,18,11;24,23,28;14,18,0,89;18171C
Синий чирок;185,87,71;24,167,181;87,8,0,29;18A7B5
Полуночный черный;240,78,44;25,25,112;78,78,0,56;191970
Перламутровый опаловый;180,55,22;25,55,55;55,0,0,78;193737
Темно-синий Крайола;210,88,82;25,116,210;88,45,0,18;1974D2
Глубокий пурпурно-синий;247,67,25;26,21,63;59,67,0,75;1A153F
Темный пурпурно-синий;252,48,16;26,22,42;38,48,0,84;1A162A
Цвет Черного моря;214,80,50;26,71,128;80,45,0,50;1A4780
Полуночный синий Крайола;210,78,46;26,72,118;78,39,0,54;1A4876
Пурпурно-черный;330,37,11;27,17,22;0,37,19,89;1B1116
Капри синий;207,79,51;27,85,131;79,35,0,49;1B5583
Графитно-черный;0,0,11;28,28,28;0,0,0,89;1C1C1C
Перламутрово-зеленый;138,67,33;28,84,45;67,0,46,67;1C542D
Мурена;185,75,45;28,107,114;75,6,0,55;1C6B72
Тихоокеанский синий;191,86,79;28,169,201;86,16,0,21;1CA9C9
Зеленый Крайола;158,84,67;28,172,120;84,0,30,33;1CAC78
Карибский зеленый;164,87,83;28,211,162;87,0,23,17;1CD3A2
Черновато-пурпурный;323,45,11;29,16,24;0,45,17,89;1D1018
Сапфирово-синий;237,43,20;29,30,51;43,41,0,80;1D1E33
Океанская синь;211,61,29;29,51,74;61,31,0,71;1D334A
Лазурный Крайола;194,86,84;29,172,214;86,20,0,16;1DACD6
Красновато-черный;355,43,12;30,17,18;0,43,40,88;1E1112
Транспортный черный;0,0,12;30,30,30;0,0,0,88;1E1E1E
Кобальтово-синий;234,51,24;30,33,61;51,46,0,76;1E213D
Сигнальный синий;235,69,38;30,36,96;69,63,0,62;1E2460
Бирюзово-зеленый;160,66,35;30,89,69;66,0,22,65;1E5945
Защитно-синий;210,88,100;30,144,255;88,44,0,0;1E90FF
Черновато-красный;349,55,12;31,14,17;0,55,45,88;1F0E11
Зелено-синий;190,45,22;31,52,56;45,7,0,78;1F3438
Сине-зеленый;186,49,24;31,58,61;49,5,0,76;1F3A3D
Цвет Красного моря;164,52,25;31,64,55;52,0,14,75;1F4037
Синий Крайола;217,88,100;31,117,254;88,54,0,0;1F75FE
Синий цвета яиц странствующего дрозда;179,85,81;31,206,203;85,0,1,19;1FCECB
Очень пурпурно-синий;249,78,37;32,21,94;66,78,0,63;20155E
Ультрамариново-синий;239,59,31;32,33,79;59,58,0,69;20214F
Зеленый темный;136,45,23;32,58,39;45,0,33,77;203A27
Мятно-зеленый;147,67,38;32,96,61;67,0,36,62;20603D
Светлое зеленое море;177,82,70;32,178,170;82,0,4,30;20B2AA
Черно-коричневый;0,0,13;33,33,33;0,0,0,87;212121
Миртовый;115,55,26;33,66,30;50,0,55,74;21421E
Небесно-синий;207,81,70;34,113,179;81,37,0,30;2271B3
Лесной зеленый;120,76,55;34,139,34;76,0,76,45;228B22
Очень темно-пурпурный;305,63,14;35,13,33;0,63,6,86;230D21
Стально-синий;294,28,14;35,26,36;3,28,0,86;231A24
Черно-серый;203,19,17;35,40,43;19,7,0,83;23282B
Темный оливково-зеленый;85,50,17;35,44,22;20,0,50,83;232C16
Глубокий фиолетово-черный;277,83,21;36,9,53;32,83,0,79;240935
Коричнево-оливковый;42,27,15;37,34,27;0,8,27,85;25221B
Ночной синий;236,54,31;37,40,80;54,50,0,69;252850
Водная синь;190,70,48;37,109,123;70,11,0,52;256D7B
Темный серо-синий;248,18,18;38,37,45;16,18,0,82;26252D
Очень темный красновато-пурпурный;317,74,15;39,10,31;0,74,21,85;270A1F
Темно-сероватый оливково-зеленый;55,33,15;39,38,26;0,3,33,85;27261A
Очень темный пурпурно-красный;325,83,16;40,7,26;0,83,35,84;28071A
Сигнальный черный;0,0,16;40,40,40;0,0,0,84;282828
Изумрудно-зеленый;129,65,45;40,114,51;65,0,55,55;287233
Антрацитово-серый;192,20,20;41,49,51;20,4,0,80;293133
Зеленые джунгли Крайола 1990 года;163,76,67;41,171,135;76,0,21,33;29AB87
Перламутровый горечавково-синий;195,65,47;42,100,120;65,17,0,53;2A6478
Блестящий зеленовато-синий;188,73,61;42,141,156;73,10,0,39;2A8D9C
Темный серовато-оливковый;42,47,17;43,37,23;0,14,47,83;2B2517
Светлый джинсовый;215,78,77;43,108,196;78,45,0,23;2B6CC4
Темный серовато-синий;202,20,22;44,51,55;20,7,0,78;2C3337
Сосновый зеленый;157,48,33;44,85,69;48,0,19,67;2C5545
Лиственно-зеленый;119,49,34;45,87,44;48,0,49,66;2D572C
Хромовый зеленый;91,40,23;46,58,35;21,0,40,77;2E3A23
Зеленое море;146,67,55;46,139,87;67,0,37,45;2E8B57
Гранитовый серый (гранитный);210,20,23;47,53,59;20,10,0,77;2F353B
Зеленый мох;145,32,27;47,69,56;32,0,19,73;2F4538
Аспидно-серый;180,41,31;47,79,79;41,0,0,69;2F4F4F
Умеренный синевато-зеленый;163,53,40;47,101,86;53,0,15,60;2F6556
Темный оливково-коричневый;30,63,19;48,33,18;0,31,63,81;302112
Темный желтовато-зеленый;104,49,29;48,75,38;36,0,49,71;304B26
Умеренный зеленовато-синий;189,55,42;48,98,107;55,8,0,58;30626B
Транспортный зеленый;136,64,52;48,132,70;64,0,47,48;308446
Горный луг;161,74,73;48,186,143;74,0,23,27;30BA8F
Бирюзовый;175,77,84;48,213,200;77,0,6,16;30D5C8
Темный индиго;270,100,38;49,0,98;50,100,0,62;310062
Пихтовый зеленый;90,22,22;49,55,43;11,0,22,78;31372B
Темный зеленовато-желтовато-зеленый;112,14,22;49,56,48;13,0,14,78;313830
Патиново-зеленый;155,52,40;49,102,80;52,0,22,60;316650
Сигнальный зеленый;134,61,50;49,127,67;61,0,47,50;317F43
Очень темный красный;339,80,20;50,10,24;0,80,52,80;320A18
Очень глубокий пурпурный;296,79,21;50,11,53;6,79,0,79;320B35
Темный красновато-коричневый;358,68,20;50,16,17;0,68,66,80;321011
Персидский индиго;258,85,48;50,18,122;59,85,0,52;32127A
Ивово-коричневый;0,60,20;50,20,20;0,60,60,80;321414
Темный серовато-коричневый;20,48,20;50,34,26;0,32,48,80;32221A
Фиолетово-синий Крайола;229,72,70;50,74,178;72,58,0,30;324AB2
Лаймово-зеленый;120,76,80;50,205,50;76,0,76,20;32CD32
Серая умбра;26,14,20;51,47,44;0,8,14,80;332F2C
Бутылочно-зеленый;83,31,23;52,59,41;12,0,31,77;343B29
Черно-зеленый;190,19,25;52,62,64;19,3,0,75;343E40
Коричневый темный;16,77,21;53,23,12;0,57,77,79;35170C
Фиолетово-синий;217,54,45;53,77,115;54,33,0,55;354D73
Охотничий зеленый;129,44,37;53,94,59;44,0,37,63;355E3B
Травяной зеленый;112,57,41;53,104,45;49,0,57,59;35682D
Очень темный оливковый;43,67,21;54,44,18;0,19,67,79;362C12
Темный серовато-красновато-коричневый;7,49,22;55,31,28;0,44,49,78;371F1C
Сепия коричневый;32,46,22;56,44,30;0,21,46,78;382C1E
Умеренный зеленый;138,45,40;56,102,70;45,0,31,60;386646
Коричнево-зеленый;44,26,22;57,53,42;0,7,26,78;39352A
Умеренный синий;211,53,47;57,87,120;53,27,0,53;395778
Синий Клейна;214,70,77;58,117,196;70,40,0,23;3A75C4
Черно-оливковый;70,10,24;59,60,54;2,0,10,76;3B3C36
Темно-голубой;207,69,74;59,131,189;69,31,0,26;3B83BD
Зеленые джунгли Крайола;163,66,69;59,176,143;66,0,19,31;3BB08F
Море умеренного зеленого цвета;147,66,70;60,179,113;66,0,37,30;3CB371
Бистр;24,49,24;61,43,31;0,30,49,76;3D2B1F
Папоротниково-зеленый;103,55,39;61,100,45;39,0,55,61;3D642D
Серо-оливковый;45,19,24;62,59,50;0,5,19,76;3E3B32
Бриллиантово-синий;214,55,54;62,95,138;55,31,0,46;3E5F8A
Темный желтовато-коричневый;25,71,25;63,37,18;0,41,71,75;3F2512
Бирюзово-синий;185,56,56;63,136,143;56,5,0,44;3F888F
Серо-коричневый;0,9,25;64,58,58;0,9,9,75;403A3A
Ядовито-зеленый;161,51,51;64,130,109;51,0,16,49;40826D
Светло-бирюзовый;174,71,88;64,224,208;71,0,7,12;40E0D0
Черно-красный;350,48,25;65,34,39;0,48,40,75;412227
Серовато-пурпурно-синий;252,25,32;65,61,81;20,25,0,68;413D51
Винтовочный зеленый;80,29,28;65,72,51;10,0,29,72;414833
Космос;191,14,30;65,74,76;14,3,0,70;414A4C
Королевский синий;225,71,88;65,105,225;71,53,0,12;4169E1
Глубокий фиолетовый;252,64,54;66,49,137;52,64,0,46;423189
Умеренный пурпурно-синий;249,39,39;66,60,99;33,39,0,61;423C63
Оливково-зеленый;72,29,27;66,70,50;6,0,29,73;424632
Глубокий желто-зеленый;84,76,37;66,94,23;30,0,76,63;425E17
Блестящий синий;205,63,71;66,133,180;63,26,0,29;4285B4
Сланцево-серый;222,16,31;67,71,80;16,11,0,69;434750
Умеренный оливково-зеленый;70,64,29;67,75,27;11,0,64,71;434B1B
Железно-серый;192,13,30;67,75,77;13,3,0,70;434B4D
Кофейный;15,46,27;68,45,37;0,34,46,73;442D25
Арлекин;125,54,58;68,148,74;54,0,50,42;44944A
Темный черовато-пурпурный;340,35,27;69,45,53;0,35,23,73;452D35
Шоколадно-коричневый;10,33,27;69,50,46;0,28,33,73;45322E
Темный зеленовато-серый;48,14,27;69,67,59;0,3,14,73;45433B
Трилистник Крайола;161,67,81;69,206,162;67,0,21,19;45CEA2
Серовато-фиолетовый;283,24,29;70,57,75;7,24,0,71;46394B
Коричнево-серый;57,30,27;70,69,49;0,1,30,73;464531
Темный синевато-черный;30,3,27;70,69,68;0,1,3,73;464544
Серая спаржа;117,22,35;70,89,69;21,0,22,65;465945
Синяя сталь;207,61,71;70,130,180;61,28,0,29;4682B4
Очень глубокий пурпурно-красный;327,100,28;71,0,39;0,100,45,72;470027
Очень глубокий красновато-пурпурный;316,90,28;71,7,54;0,90,24,72;470736
Темно-пурпурный;317,41,28;71,42,63;0,41,11,72;472A3F
Желто-оливковый;43,35,28;71,64,46;0,10,35,72;47402E
Насыщенный пурпурно-синий;243,51,54;71,67,137;48,51,0,46;474389
Графитовый серый;222,12,32;71,74,81;12,9,0,68;474A51
Сине-серый;206,9,31;71,75,78;9,4,0,69;474B4E
Насыщенный желтовато-зеленый;104,64,52;71,132,48;46,0,64,48;478430
Блестящий зеленый;142,57,65;71,167,106;57,0,37,35;47A76A
Болгарский розовый;359,92,28;72,6,7;0,92,90,72;480607
Темный серовато-красный;0,42,28;72,42,42;0,42,42,72;482A2A
Темно-серо-коричневый;27,31,28;72,60,50;0,17,31,72;483C32
Темный аспидно-синий;248,56,55;72,61,139;48,56,0,45;483D8B
Сероватый оливково-зеленый;51,37,28;72,68,45;0,6,37,72;48442D
Умеренно-бирюзовый;178,66,82;72,209,204;66,0,2,18;48D1CC
Глубокий красновато-коричневый;356,100,29;73,0,5;0,100,93,71;490005
Темно-серый;25,16,29;73,66,61;0,10,16,71;49423D
Отдаленно-синий;214,48,55;73,103,141;48,27,0,45;49678D
Мятно-бирюзовый;171,42,49;73,126,118;42,0,6,51;497E76
Пурпурно-фиолетовый;337,66,29;74,25,44;0,66,41,71;4A192C
Серовато-синий;207,20,36;74,84,92;20,9,0,64;4A545C
Индиго;275,100,51;75,0,130;42,100,0,49;4B0082
Махагон коричневый;13,49,30;76,47,39;0,38,49,70;4C2F27
Брезентово-серый;103,9,32;76,81,74;6,0,9,68;4C514A
Маренго;212,25,40;76,88,102;25,14,0,60;4C5866
Майский зеленый;112,55,57;76,145,65;48,0,55,43;4C9141
Ирландский зеленый;101,88,73;76,187,23;59,0,88,27;4CBB17
Глубокий коричневый;19,82,30;77,34,14;0,56,82,70;4D220E
Оливково-серый;34,32,30;77,66,52;0,14,32,70;4D4234
Зелено-серый;92,20,34;77,86,69;10,0,20,66;4D5645
Фелдграу;143,17,36;77,93,83;17,0,11,64;4D5D53
Терракотовый;21,37,31;78,59,49;0,24,37,69;4E3B31
Цвет мокрого асфальта с зеленым;160,7,33;78,84,82;7,0,2,67;4E5452
Базальтово-серый;160,10,34;78,87,84;10,0,3,66;4E5754
Очень глубокий красный;345,100,31;79,0,20;0,100,75,69;4F0014
Темный красновато-пурпурный;332,51,31;79,39,58;0,51,27,69;4F273A
Зеленый папоротник;106,45,47;79,121,66;35,0,45,53;4F7942
Коричневато-серый;21,36,31;80,61,51;0,24,36,69;503D33
Цвет мокрого асфальта;0,0,31;80,80,80;0,0,0,69;505050
Кленовый зеленый;93,66,49;80,125,42;36,0,66,51;507D2A
Изумрудный;140,60,78;80,200,120;60,0,40,22;50C878
Темный красновато-серый;13,34,32;82,60,54;0,27,34,68;523C36
Серовато-оливковый;38,46,32;82,68,44;0,17,46,68;52442C
Глубокий пурпурный;303,69,33;83,26,80;0,69,4,67;531A50
Насыщенный фиолетовый;265,55,48;83,55,122;32,55,0,52;53377A
Ливерный;330,10,33;83,75,79;0,10,5,67;534B4F
Умеренный фиолетовый;278,43,39;84,57,100;16,43,0,61;543964
Морской зеленый;146,67,100;84,255,159;67,0,38,0;54FF9F
Темно-оливковый;81,52,41;85,104,50;18,0,52,59;556832
Очень темный алый;344,97,34;86,3,25;0,97,71,66;560319
Темный пурпурно-серый;355,26,34;86,64,66;0,26,23,66;564042
Серовато-зеленый;86,17,37;87,94,78;7,0,17,63;575E4E
Темный Желто-зеленый;103,66,65;87,166,57;48,0,66,35;57A639
Резедово-зеленый;95,39,45;88,114,70;23,0,39,55;587246
Красно-коричневый;2,63,35;89,35,33;0,61,63,65;592321
Глубокий желтовато-коричневый;26,76,35;89,51,21;0,43,76,65;593315
Олень коричневый;23,65,35;89,53,31;0,40,65,65;59351F
Серовато-коричневый;19,47,35;90,61,48;0,32,47,65;5A3D30
Темный пурпурно-красный;341,67,36;91,30,49;0,67,46,64;5B1E31
Орехово-коричневый;20,55,36;91,58,41;0,36,55,64;5B3A29
Темная Византия;315,39,36;93,57,84;0,39,10,64;5D3954
Индиго Крайола;226,54,80;93,118,203;54,42,0,20;5D76CB
Пастельно-синий;180,40,61;93,155,155;40,0,0,39;5D9B9B
Винно-красный;352,65,37;94,33,41;0,65,56,63;5E2129
Серовато-красновато-коричневый;10,49,37;94,56,48;0,40,49,63;5E3830
Умеренно-оливковый;44,84,37;94,73,15;0,22,84,63;5E490F
Серо-синий;182,41,63;95,158,160;41,1,0,37;5F9EA0
Голубино-синий;221,31,55;96,110,140;31,21,0,45;606E8C
Баклажаннный Крайола;329,34,38;97,64,81;0,34,16,62;614051
Блестящий пурпурно-синий;239,37,61;98,99,155;37,36,0,39;62639B
Каштаново-коричневый;8,47,39;99,58,52;0,41,47,61;633A34
Глубокий красновато-пурпурный;320,81,39;100,19,73;0,81,27,61;641349
Бордово-фиолетовый;340,72,39;100,28,52;0,72,48,61;641C34
Оксид красный;0,64,39;100,36,36;0,64,64,61;642424
Умеренный оливково-коричневый;35,85,39;100,64,15;0,36,85,61;64400F
Мышино-серый;113,7,42;100,107,99;7,0,7,58;646B63
Васильковый;219,58,93;100,149,237;58,37,0,7;6495ED
Светлый зеленовато-синий;184,37,62;100,154,158;37,3,0,38;649A9E
Розовый лес;353,100,40;101,0,11;0,100,89,60;65000B
Темно-коричневый;30,67,40;101,67,33;0,34,67,60;654321
Умеренный желтовато-зеленый;90,41,50;101,127,75;20,0,41,50;657F4B
Сливовый;300,100,40;102,0,102;0,100,0,60;660066
Темный пурпурно-фиолетовый;280,100,60;102,0,153;33,100,0,40;660099
Персидский синий;264,100,100;102,0,255;60,100,0,0;6600FF
Сине-серый Крайола;210,50,80;102,153,204;50,25,0,20;6699CC
Светлый синевато-зеленый;153,35,62;102,158,133;35,0,16,38;669E85
Умеренный аквамариновый;160,50,80;102,205,170;50,0,17,20;66CDAA
Ярко-зеленый;96,100,100;102,255,0;60,0,100,0;66FF00
Умеренный коричневый;19,66,40;103,57,35;0,45,66,60;673923
Розово-эбонитовый;4,32,40;103,72,70;0,30,32,60;674846
Умеренный серо-коричневый;9,31,40;103,76,71;0,26,31,60;674C47
Темный красный;354,73,41;104,28,35;0,73,66,59;681C23
Серый бетон;77,13,42;104,108,94;4,0,13,58;686C5E
Тусклый серый;0,0,42;105,105,105;0,0,0,59;696969
Аспидно-синий;248,56,80;106,90,205;48,56,0,20;6A5ACD
Перламутрово-бежевый;33,27,42;106,93,77;0,12,27,58;6A5D4D
Серое хаки;48,54,42;106,95,49;0,10,54,58;6A5F31
Нежно-оливковый;80,75,56;107,142,35;25,0,75,44;6B8E23
Сигнальный коричневый;15,61,42;108,59,42;0,45,61,58;6C3B2A
Сине-сиреневый;289,40,46;108,70,117;8,40,0,54;6C4675
Перламутрово-ежевичный;260,10,45;108,104,116;7,10,0,55;6C6874
Кварцевый серый;45,11,42;108,105,96;0,3,11,58;6C6960
Серый мох;70,21,44;108,112,89;4,0,21,56;6C7059
Тростниково-зеленый;71,24,44;108,113,86;4,0,24,56;6C7156
Светло-сине-серый;206,38,69;108,146,175;38,17,0,31;6C92AF
Красно-сиреневый;323,42,43;109,63,91;0,42,17,57;6D3F5B
Бежево-серый;42,25,43;109,101,82;0,7,25,57;6D6552
Лиственный зеленый Крайола;138,37,68;109,174,129;37,0,26,32;6DAE81
Баклажановый Крайола;329,26,43;110,81,96;0,26,13,57;6E5160
Глубокий пурпурно-красный;331,100,44;111,0,53;0,100,52,56;6F0035
Оливково-коричневый;33,64,44;111,79,40;0,29,64,56;6F4F28
Византия;311,63,44;112,41,99;0,63,12,56;702963
Сепия (каракатица);30,82,44;112,66,20;0,41,82,56;704214
Перламутрово-золотой;31,53,44;112,83,53;0,26,53,56;705335
Серый шифер,аспидно-серый;210,22,56;112,128,144;22,11,0,44;708090
Золотисто-каштановый;7,66,44;113,47,38;0,58,66,56;712F26
Сырая умбра;31,69,44;113,75,35;0,34,69,56;714B23
Папоротник Крайола;126,40,74;113,188,120;40,0,36,26;71BC78
Перламутрово-рубиновый;351,82,45;114,20,34;0,82,70,55;721422
Серовато-пурпурный;341,28,45;114,82,92;0,28,19,55;72525C
Глиняный коричневый;24,70,45;115,66,34;0,43,70,55;734222
Натуральная умбра;35,84,45;115,74,18;0,36,84,55;734A12
Серобуромалиновый;280,39,52;115,81,132;13,39,0,48;735184
Сине-фиолетовый Крайола;249,46,74;115,102,189;39,46,0,26;7366BD
Пурпурное сердце;262,67,78;116,66,200;42,67,0,22;7442C8
Пурпурно-красный;354,82,46;117,21,30;0,82,74,54;75151E
Насыщенный коричневый;20,84,46;117,51,19;0,56,84,54;753313
Красновато-коричневый (блошиный);6,26,46;117,90,87;0,23,26,54;755A57
Бледно-коричневый;27,38,46;117,92,72;0,21,38,54;755C48
Блестящий фиолетовый;264,40,60;117,93,154;24,40,0,40;755D9A
Перламутровый медный;15,66,46;118,60,40;0,49,66,54;763C28
Кричащий зеленый;122,54,100;118,255,122;54,0,52,0;76FF7A
Светлый аспидно-серый;210,22,60;119,136,153;22,11,0,40;778899
Пастельно-зеленый;120,46,87;119,221,119;46,0,46,13;77DD77
Бирюзово-голубой Крайола;185,48,91;119,221,231;48,4,0,9;77DDE7
Коричнево-красный;4,79,47;120,31,25;0,74,79,53;781F19
Королевский пурпурный Крайола;267,52,66;120,81,169;29,52,0,34;7851A9
Серовато-желтовато-коричневый;26,47,47;120,88,64;0,27,47,53;785840
Серая белка;199,14,55;120,133,139;14,4,0,45;78858B
Хаки,защитный;91,20,53;120,134,107;10,0,20,47;78866B
Аквамариновый Крайола;184,47,89;120,219,226;47,3,0,11;78DBE2
Известковая глина;9,51,47;121,68,59;0,44,51,53;79443B
Бежево-коричневый;24,50,47;121,85,61;0,30,50,53;79553D
Сизый;207,37,76;121,160,193;37,17,0,24;79A0C1
Зеленовато-серый;48,16,48;122,118,102;0,3,16,52;7A7666
Глубокий красный;346,100,48;123,0,28;0,100,77,52;7B001C
Коричный;31,100,48;123,63,0;0,49,100,52;7B3F00
Умеренный аспидно-синий;249,56,93;123,104,238;48,56,0,7;7B68EE
Лягушки в обмороке;120,15,57;123,145,123;15,0,15,43;7B917B
Спаржа;92,43,63;123,160,91;23,0,43,37;7BA05B
Зеленая лужайка;90,100,99;124,252,0;51,0,100,1;7CFC00
Серовато-красновато-пурпурный;340,38,49;125,77,93;0,38,26,51;7D4D5D
Умеренный желтовато-коричневый;27,64,49;125,81,45;0,35,64,51;7D512D
Синевато-серый;26,13,49;125,116,109;0,7,13,51;7D746D
Пыльно-серый;120,2,50;125,127,125;2,0,2,50;7D7F7D
Цементно-серый (цементный);82,14,52;125,132,113;5,0,14,48;7D8471
Электрик;183,51,100;125,249,255;51,2,0,0;7DF9FF
Яркий красновато-пурпурный;318,100,49;126,0,89;0,100,29,51;7E0059
Насыщенный красновато-коричневый;6,90,50;127,24,13;0,81,90,50;7F180D
Умеренный пурпурный;316,43,50;127,72,112;0,43,12,50;7F4870
Платиново-серый;340,7,50;127,118,121;0,7,5,50;7F7679
Насыщенный желто-зеленый;68,83,56;127,143,24;11,0,83,44;7F8F18
Пастельно-бирюзовый;180,30,71;127,181,181;30,0,0,29;7FB5B5
Шартрез,ядовито-зеленый;90,100,100;127,255,0;50,0,100,0;7FFF00
Аквамариновый;160,50,100;127,255,212;50,0,17,0;7FFFD4
Коричнево-малиновый;0,100,50;128,0,0;0,100,100,50;800000
Пурпурный;300,100,50;128,0,128;0,100,0,50;800080
Фиолетово-сизый;270,100,100;128,0,255;50,100,0,0;8000FF
Фалунский красный;0,81,50;128,24,24;0,81,81,50;801818
Насыщенный;310,52,50;128,62,117;0,52,9,50;803E75
Красно-желтовато-коричневый;26,79,50;128,70,27;0,45,79,50;80461B
Оливковый;60,100,50;128,128,0;0,0,100,50;808000
Серый;0,0,50;128,128,128;0,0,0,50;808080
Голубой Крайола;190,46,92;128,218,235;46,7,0,8;80DAEB
Средний серый;22,21,51;129,112,102;0,13,21,49;817066
Зелено-коричневый;43,60,51;130,108,52;0,17,60,49;826C34
Перламутровый темно-серый;0,0,51;130,130,130;0,0,0,49;828282
Темный Телегрей;208,9,56;130,137,143;9,4,0,44;82898F
Светлый пурпурно-синий;250,23,64;131,125,162;19,23,0,36;837DA2
Светло-оливковый;44,76,52;132,106,32;0,20,76,48;846A20
Светло-серо-синий;175,32,76;132,195,190;32,0,3,24;84C3BE
Перламутрово-фиолетовый;265,29,63;134,115,161;17,29,0,37;8673A1
Светло-фиолетовый;276,29,60;135,108,153;12,29,0,40;876C99
Спаржа Крайола;93,37,66;135,169,107;20,0,37,34;87A96B
Небесный;197,43,92;135,206,235;43,12,0,8;87CEEB
Светло-голубой;203,46,98;135,206,250;46,18,0,2;87CEFA
Кирпичный;12,61,53;136,69,53;0,49,61,47;884535
Пурпурно-серый;10,21,53;136,112,107;0,18,21,47;88706B
Светлый оливково-серый;33,35,53;136,115,89;0,15,35,47;887359
Кордованский;355,54,54;137,63,69;0,54,50,46;893F45
Перламутровый мышино-серый;35,14,54;137,129,118;0,6,14,46;898176
Бледно-зеленый;99,31,67;137,172,118;20,0,31,33;89AC76
Сине-лиловый;271,81,89;138,43,226;39,81,0,11;8A2BE2
Умбра жженая;9,74,54;138,51,36;0,63,74,46;8A3324
Коричнево-бежевый;30,52,54;138,102,66;0,26,52,46;8A6642
Полумрак Крайола;37,33,54;138,121,93;0,12,33,46;8A795D
Бледный пурпурно-синий;284,11,56;138,127,142;3,11,0,44;8A7F8E
Серебристо-серый;189,9,59;138,149,151;9,1,0,41;8A9597
Темнокрасный;0,100,55;139,0,0;0,100,100,45;8B0000
Темный маджента;300,100,55;139,0,139;0,100,0,45;8B008B
Фиолетовый;273,100,100;139,0,255;45,100,0,0;8B00FF
Коричневый цвета кожанного седла для лошади;25,86,55;139,69,19;0,50,86,45;8B4513
Красновато-серый;15,29,55;139,108,98;0,22,29,45;8B6C62
Светлый коричневато-серый;22,34,55;139,109,92;0,22,34,45;8B6D5C
Светлый серовато-оливковый;38,46,55;139,115,75;0,17,46,45;8B734B
Умеренный желто-зеленый;58,54,55;139,137,64;0,1,54,45;8B8940
Каменно-серый;63,13,55;139,140,122;1,0,13,45;8B8C7A
Умеренный красновато-пурпурный;332,51,55;140,69,102;0,51,27,45;8C4566
Серовато-красный;3,52,55;140,71,67;0,49,52,45;8C4743
Серовато-пурпурно-красный;351,49,55;140,72,82;0,49,41,45;8C4852
Блестящий желтовато-зеленый;95,54,80;140,203,94;31,0,54,20;8CCB5E
Бледно-зелено-серый;70,16,57;141,145,122;3,0,16,43;8D917A
Транспортный серый;120,5,58;141,148,141;5,0,5,42;8D948D
Медно-коричневый;13,70,56;142,64,42;0,55,70,44;8E402A
Сливовый Крайола;307,51,56;142,69,133;0,51,6,44;8E4585
Яркий фиолетовый Крайола;289,49,62;143,80,157;9,49,0,38;8F509D
Желто-серый;54,29,56;143,139,102;0,3,29,44;8F8B66
Темное зеленое море;120,24,74;143,188,143;24,0,24,26;8FBC8F
Бургундский;347,100,56;144,0,32;0,100,78,44;900020
Розово-серо-коричневый;0,35,56;144,93,93;0,35,35,44;905D5D
Серовато-желтовато-зеленый;46,37,56;144,132,91;0,8,37,44;90845B
Телегрей;0,0,56;144,144,144;0,0,0,44;909090
Светло-зеленый;120,39,93;144,238,144;39,0,39,7;90EE90
Розовато-лилово-серый;343,34,57;145,95,109;0,34,25,43;915F6D
Темный желто-коричневый;45,44,57;145,129,81;0,11,44,43;918151
Бледный синий;240,1,57;145,145,146;1,1,0,43;919192
Сангина;356,100,57;146,0,10;0,100,93,43;92000A
Красно-фиолетовый;349,71,57;146,43,62;0,71,58,43;922B3E
Сигнальный фиолетовый;319,47,57;146,78,125;0,47,14,43;924E7D
Фиолетовый (пурпурный) Крайола;274,37,68;146,110,174;16,37,0,32;926EAE
Средний пурпурный;260,48,85;147,112,216;32,48,0,15;9370D8
Яркий желтовато-зеленый;68,100,67;147,170,0;14,0,100,33;93AA00
Темно-фиолетовый;282,100,83;148,0,211;30,100,0,17;9400D3
Яркий пурпурный;302,66,58;148,51,145;0,66,2,42;943391
Светлый оливково-коричневый;36,93,58;148,93,11;0,37,93,42;945D0B
Светлый серовато-коричневый;22,43,58;148,107,84;0,28,43,42;946B54
Насыщенный желтовато-коричневый;30,92,58;149,80,12;0,46,92,42;95500C
Охра коричневая;32,79,58;149,95,32;0,36,79,42;955F20
Бледно-фиолетовый;318,17,58;149,123,141;0,17,5,42;957B8D
Серый Крайола;33,6,58;149,145,140;0,3,6,42;95918C
Кармин;350,100,59;150,0,24;0,100,84,41;960018
Коричневый;30,100,59;150,75,0;0,50,100,41;964B00
Светлый серовато-красновато-коричневый;18,42,59;150,106,87;0,29,42,41;966A57
Песочный серо-коричневый;43,85,59;150,113,23;0,25,85,41;967117
Сигнальный серый;86,5,60;150,153,146;2,0,5,40;969992
Ламантин;231,11,67;151,154,170;11,9,0,33;979AAA
Темно-каштановый;10,37,60;152,105,96;0,31,37,40;986960
Светло-коричневый;30,45,60;152,118,84;0,22,45,40;987654
Очень светлый зеленый;114,26,78;152,199,147;24,0,26,22;98C793
Бледный зеленый;120,39,98;152,251,152;39,0,39,2;98FB98
Баклажановый;320,100,60;153,0,102;0,100,33,40;990066
Фиолетово-баклажанный;300,89,60;153,17,153;0,89,0,40;991199
Темная орхидея;280,75,80;153,50,204;25,75,0,20;9932CC
Розовато-лиловый;330,67,60;153,51,102;0,67,33,40;993366
Медно-розовый;0,33,60;153,102,102;0,33,33,40;996666
Аметистовый;270,50,80;153,102,204;25,50,0,20;9966CC
Розовый Маунтбэттена;323,20,60;153,122,141;0,20,8,40;997A8D
Кварцевый;42,8,60;153,149,140;0,3,8,40;99958C
Оливково-желтый;60,48,60;153,153,80;0,0,48,40;999950
Салатовый;120,40,100;153,255,153;40,0,40,0;99FF99
Насыщенный красновато-пурпурный;328,65,60;154,54,107;0,65,31,40;9A366B
Желто-зеленый;80,76,80;154,205,50;25,0,76,20;9ACD32
Васильковый Крайола;201,34,92;154,206,235;34,12,0,8;9ACEEB
Рубиново-красный;354,89,61;155,17,30;0,89,81,39;9B111E
Темный красновато-оранжевый;8,80,61;155,47,31;0,70,80,39;9B2F1F
Темный зеленовато-желтый;47,75,61;155,129,39;0,17,75,39;9B8127
Перламутровый светло-серый;0,0,61;156,156,156;0,0,0,39;9C9C9C
Пурпурное горное величие;269,31,73;157,129,186;16,31,0,27;9D81BA
Карри желтый;55,99,62;157,145,1;0,8,99,38;9D9101
Серое окно;222,8,67;157,161,170;8,5,0,33;9DA1AA
Ниагара;214,23,80;157,177,204;23,13,0,20;9DB1CC
Серо-бежевый;53,37,62;158,151,100;0,4,37,38;9E9764
Амарантово-глубоко-пурпурный;328,73,62;159,43,104;0,73,35,38;9F2B68
Бобровый;22,30,62;159,129,112;0,19,30,38;9F8170
Глубокий зеленовато-желтый;49,100,62;159,130,0;0,18,100,38;9F8200
Морской зеленый Крайола;149,30,89;159,226,191;30,0,15,11;9FE2BF
Транспортный пурпурный;326,68,63;160,52,114;0,68,29,37;A03472
Сиена;19,72,63;160,82,45;0,49,72,37;A0522D
Шамуа;40,60,63;160,128,64;0,20,60,37;A08040
Серый нейтральный;240,2,64;160,160,164;2,2,0,36;A0A0A4
Очень светлый синевато-зеленый;142,25,84;160,214,180;25,0,16,16;A0D6B4
Томатно-красный;7,89,63;161,35,18;0,78,89,37;A12312
Пастельно-фиолетовый;328,17,63;161,133,148;0,17,8,37;A18594
Карминно-красный;3,82,64;162,35,29;0,78,82,36;A2231D
Голубой колокольчик Крайола;240,22,82;162,162,208;22,22,0,18;A2A2D0
Дикий синий Крайола;226,22,82;162,173,208;22,17,0,18;A2ADD0
Очень светлый зеленовато-синий;170,18,78;163,198,192;18,0,3,22;A3C6C0
Темный серовато-желтый;35,58,64;164,124,69;0,24,58,36;A47C45
Сигнальный красный;3,85,65;165,32,25;0,81,85,35;A52019
Коричнево-бордовый;0,75,65;165,42,42;0,75,75,35;A52A2A
Сепия Крайола;18,52,65;165,105,79;0,36,52,35;A5694F
Бело-алюминиевый;0,0,65;165,165,165;0,0,0,35;A5A5A5
Оранжево-коричневый;24,72,65;166,94,46;0,43,72,35;A65E2E
Очень светлый синий;212,23,84;166,189,215;23,12,0,16;A6BDD7
Светло-синий;211,31,94;166,202,240;31,16,0,6;A6CAF0
Умеренный пурпурно-красный;345,66,65;167,56,83;0,66,50,35;A73853
Весенний бутон;80,100,99;167,252,0;34,0,100,1;A7FC00
Светлый коричневый;21,62,66;168,101,64;0,40,62,34;A86540
Бабушкины яблоки;113,30,89;168,228,160;26,0,30,11;A8E4A0
Глубокий красновато-оранжевый;5,90,66;169,29,17;0,83,90,34;A91D11
Глубокий карминный;347,81,66;169,32,62;0,81,63,34;A9203E
Медово-желтый;46,96,66;169,131,7;0,22,96,34;A98307
Светлый красновато-коричневый;14,52,67;170,102,81;0,40,52,33;AA6651
Розовый кварц;303,11,67;170,152,169;0,11,1,33;AA98A9
Магическая мята;153,29,94;170,240,209;29,0,13,6;AAF0D1
Амарантово-пурпурный;342,77,67;171,39,79;0,77,54,33;AB274F
Умеренный красный;357,70,67;171,52,58;0,70,66,33;AB343A
Розовая долина;357,54,67;171,78,82;0,54,52,33;AB4E52
Бледно-васильковый;210,28,94;171,205,239;28,14,0,6;ABCDEF
Бледный красновато-пурпурный;348,32,67;172,117,128;0,32,26,33;AC7580
Болотный;76,22,72;172,183,142;6,0,22,28;ACB78E
Серо-зеленый;123,24,88;172,225,175;24,0,22,12;ACE1AF
Снежно-синий;188,28,93;172,229,238;28,4,0,7;ACE5EE
Светлосиний;195,25,90;173,216,230;25,6,0,10;ADD8E6
Зеленый лишайник;120,22,87;173,223,173;22,0,22,13;ADDFAD
Зелено-желтый;84,82,100;173,255,47;32,0,82,0;ADFF2F
Бледно-пурпурный;350,24,68;174,132,139;0,24,20,32;AE848B
Охра желтая;52,57,68;174,160,75;0,8,57,32;AEA04B
Огненно-красный;5,83,69;175,43,30;0,75,83,31;AF2B1E
Средний карминный;5,70,69;175,64,53;0,63,70,31;AF4035
Бледно-синий;180,26,93;175,238,238;26,0,0,7;AFEEEE
Бордовый;0,100,69;176,0,0;0,100,100,31;B00000
Бледно-карминный;5,70,69;176,63,53;0,64,70,31;B03F35
Темно-желтый;37,76,69;176,125,43;0,29,76,31;B07D2B
Серо-синий Крайола;221,11,78;176,183,198;11,8,0,22;B0B7C6
Светлый стальной синий;214,21,87;176,196,222;21,12,0,13;B0C4DE
Пыльный голубой;187,23,90;176,224,230;23,3,0,10;B0E0E6
Коричневато-оранжевый;19,80,69;177,81,36;0,54,80,31;B15124
Светло-серовато-красный;9,42,69;177,114,103;0,36,42,31;B17267
Светлый серовато-пурпурно-красный;0,37,70;178,112,112;0,37,37,30;B27070
Гусеница;84,61,93;178,236,93;25,0,61,7;B2EC5D
Ориент красный;358,80,70;179,36,40;0,80,78,30;B32428
Кораллово-красный;3,82,70;179,40,33;0,78,82,30;B32821
Насыщенный пурпурно-красный;342,78,70;179,40,81;0,78,55,30;B32851
Малиново-розовый;338,62,70;179,68,108;0,62,40,30;B3446C
Перламутрово-розовый;5,63,71;180,76,67;0,58,63,29;B44C43
Коричневый Крайола;15,57,71;180,103,77;0,43,57,29;B4674D
Светлый серовато-желтовато-коричневый;26,44,71;180,135,100;0,25,44,29;B48764
Фанданго;327,54,71;181,84,137;0,54,24,29;B55489
Турецкий розовый;347,37,71;181,114,129;0,37,29,29;B57281
Глубокий желтый;40,100,71;181,121,0;0,33,100,29;B57900
Латунный;52,64,71;181,166,66;0,8,64,29;B5A642
Агатовый серый;86,4,72;181,184,177;2,0,4,28;B5B8B1
Ржаво-коричневый;18,92,72;183,65,14;0,64,92,28;B7410E
Розово-золотой;351,40,72;183,110,121;0,40,34,28;B76E79
Оперный розовато-лиловый;319,28,72;183,132,167;0,28,9,28;B784A7
Серовато-красновато-оранжевый;13,64,72;184,93,67;0,49,64,28;B85D43
Медный;29,72,72;184,115,51;0,38,72,28;B87333
Темный золотарник;43,94,72;184,134,11;0,27,94,28;B8860B
Галечный серый;58,17,72;184,183,153;0,1,17,28;B8B799
Глубокий каштановый Крайола;3,61,73;185,78,72;0,58,61,27;B94E48
Умеренный цвет орхидеи;288,60,83;186,85,211;12,60,0,17;BA55D3
Светло-пурпурный;324,32,73;186,127,162;0,32,13,27;BA7FA2
Очень светлый пурпурно-синий;271,14,78;186,172,199;7,14,0,22;BAACC7
Светлый зеленовато-белый;42,19,73;186,175,150;0,6,19,27;BAAF96
Оливково-зеленый Крайола;58,42,73;186,184,108;0,1,42,27;BAB86C
Темный зеленый чай;103,21,86;186,219,173;15,0,21,14;BADBAD
Светлый красновато-пурпурный;337,42,73;187,108,138;0,42,26,27;BB6C8A
Светлый желтовато-коричневый;32,55,73;187,139,84;0,26,55,27;BB8B54
Каштановый Крайола;3,53,74;188,93,88;0,51,53,26;BC5D58
Розово-коричневый;0,24,74;188,143,143;0,24,24,26;BC8F8F
Бледный серо-коричневый;25,33,74;188,152,126;0,19,33,26;BC987E
Византийский;311,73,74;189,51,164;0,73,13,26;BD33A4
Темный хаки;56,43,74;189,183,107;0,3,43,26;BDB76B
Июньский бутон;73,60,85;189,218,87;13,0,60,15;BDDA57
Бело-зеленый;112,23,93;189,236,182;20,0,23,7;BDECB6
Светлый синевато-серый;25,15,75;190,173,161;0,9,15,25;BEADA1
Зелено-бежевый;59,33,75;190,189,127;0,1,33,25;BEBD7F
Фисташковый;86,53,96;190,245,116;22,0,53,4;BEF574
Насыщенный красный;354,82,75;191,34,51;0,82,73,25;BF2233
Зелено-лаймовый;75,100,100;191,255,0;25,0,100,0;BFFF00
Красное дерево;20,100,75;192,64,0;0,67,100,25;C04000
Красно-фиолетовый Крайола;324,65,75;192,68,143;0,65,26,25;C0448F
Старинный розовый;359,33,75;192,128,129;0,33,33,25;C08081
Серебряный;0,0,75;192,192,192;0,0,0,25;C0C0C0
Умеренно зеленый;120,13,86;192,220,192;13,0,13,14;C0DCC0
Яркий красный;350,100,76;193,0,32;0,100,83,24;C10020
Глубокая фуксия Крайола;300,56,76;193,84,193;0,56,0,24;C154C1
Бежево-красный;20,45,76;193,135,107;0,30,45,24;C1876B
Коричнево-желтый цвета увядших листьев;33,45,76;193,154,107;0,20,45,24;C19A6B
Очень бледный синий;180,4,79;193,202,202;4,0,0,21;C1CACA
Светлый серый;26,24,76;194,168,148;0,13,24,24;C2A894
Глубокий оранжевый;22,95,76;195,77,10;0,61,95,24;C34D0A
Перламутрово-оранжевый;16,75,76;195,88,49;0,55,75,24;C35831
Фуксия Крайола;299,49,77;195,100,197;1,49,0,23;C364C5
Темный оранжево-желтый;30,79,76;195,118,41;0,39,79,24;C37629
Хаки;37,26,76;195,176,145;0,10,26,24;C3B091
Кардинал;350,85,77;196,30,58;0,85,70,23;C41E3A
Умеренный зеленовато-желтый;46,69,77;196,164,61;0,16,69,23;C4A43D
Серовато-зеленовато-желтый;42,52,77;196,165,95;0,16,52,23;C4A55F
Малиново-красный;352,85,77;197,29,52;0,85,74,23;C51D34
Шелковица Крайола;328,62,77;197,75,140;0,62,29,23;C54B8C
Барвинок Крайола;220,14,90;197,208,230;14,10,0,10;C5D0E6
Желто-зеленый Крайола;79,42,89;197,227,132;13,0,42,11;C5E384
Песочно-желтый;40,49,78;198,166,100;0,16,49,22;C6A664
Очень светлый желтовато-зеленый;79,35,87;198,223,144;11,0,35,13;C6DF90
Умеренный фиолетово-красный;322,89,78;199,21,133;0,89,33,22;C71585
Темный пурпурно-розовый;351,49,78;199,101,116;0,49,42,22;C76574
Темный розовый;2,50,78;199,104,100;0,48,50,22;C76864
Лимонно-желтый;51,65,78;199,180,70;0,10,65,22;C7B446
Панг;162,21,99;199,252,236;21,0,6,1;C7FCEC
Коричнево-малиновый Крайола;346,72,78;200,56,90;0,72,55,22;C8385A
Сиреневый;300,19,78;200,162,200;0,19,0,22;C8A2C8
Розовато-серый;19,25,78;200,166,150;0,17,25,22;C8A696
Светлый пурпурно-серый;16,21,78;200,169,158;0,16,21,22;C8A99E
Красно-оранжевый;10,84,79;201,60,32;0,70,84,21;C93C20
Глициния;281,27,86;201,160,220;9,27,0,14;C9A0DC
Светло-серебристый;21,7,79;201,192,187;0,4,7,21;C9C0BB
Обычный весенний бутон;73,39,86;201,220,135;9,0,39,14;C9DC87
Королевская фуксия;321,78,79;202,44,146;0,78,28,21;CA2C92
Джазовый джем;340,73,79;202,55,103;0,73,49,21;CA3767
Желтовато-серый;30,34,79;202,168,133;0,17,34,21;CAA885
Серый шелк;46,13,79;202,196,176;0,3,13,21;CAC4B0
Серый зеленый чай;90,15,85;202,218,186;7,0,15,15;CADABA
Темно-алый;2,84,80;203,40,33;0,80,84,20;CB2821
Кирпично-красный;352,68,80;203,65,84;0,68,59,20;CB4154
Очень бледный пурпурно-синий;321,8,80;203,186,197;0,8,3,20;CBBAC5
Транспортный красный;0,98,80;204,6,5;0,97,98,20;CC0605
Персидский красный;0,75,80;204,51,51;0,75,75,20;CC3333
Терракота;353,62,80;204,78,92;0,62,55,20;CC4E5C
Выгоревший оранжевый (жженый апельсин);25,100,80;204,85,0;0,58,100,20;CC5500
Фузи-Вузи;0,50,80;204,102,102;0,50,50,20;CC6666
Темный желтовато-розовый;9,55,80;204,108,92;0,47,55,20;CC6C5C
Охра;30,83,80;204,119,34;0,42,83,20;CC7722
Пюсовый;345,33,80;204,136,153;0,33,25,20;CC8899
Серовато-пурпурно-розовый;359,28,80;204,146,147;0,28,28,20;CC9293
Насыщенный зеленовато-желтый;48,89,80;204,168,23;0,18,89,20;CCA817
Барвинок,перванш;240,20,100;204,204,255;20,20,0,0;CCCCFF
Электрик Лайм;72,100,100;204,255,0;20,0,100,0;CCFF00
Ярко-фиолетовый;300,100,80;205,0,205;0,100,0,20;CD00CD
Амарантовый светло-вишневый;327,81,80;205,38,130;0,81,37,20;CD2682
Красное дерево Крайола;359,64,80;205,74,76;0,64,63,20;CD4A4C
Темно-коралловый;10,66,80;205,91,69;0,56,66,20;CD5B45
Индийский красный,каштановый;0,55,80;205,92,92;0,55,55,20;CD5C5C
Бронзовый;30,76,80;205,127,50;0,38,76,20;CD7F32
Перу;30,69,80;205,133,63;0,35,69,20;CD853F
Античная латунь;22,43,80;205,149,117;0,27,43,20;CD9575
Коричневато-розовый;23,40,80;205,154,123;0,25,40,20;CD9A7B
Желто-золотой;44,75,80;205,164,52;0,20,75,20;CDA434
Глициния Крайола;282,26,87;205,164,222;8,26,0,13;CDA4DE
Экрю;39,29,80;205,184,145;0,10,29,20;CDB891
Серебряный Крайола;16,5,80;205,197,194;0,4,5,20;CDC5C2
Цвет пожарной машины;357,84,81;206,32,41;0,84,80,19;CE2029
Серовато-желтый;36,52,81;206,162,98;0,21,52,19;CEA262
Блестящий желто-зеленый;62,72,82;206,210,58;2,0,72,18;CED23A
Электрик Лайм Крайола;73,89,100;206,255,29;19,0,89,0;CEFF1D
Телемагента;334,75,81;207,52,118;0,75,43,19;CF3476
Серовато-розовый;11,31,81;207,155,143;0,25,31,19;CF9B8F
Старое золото;49,71,81;207,181,59;0,13,71,19;CFB53B
Светлый Телегрей;0,0,82;208,208,208;0,0,0,18;D0D0D0
Зеленый чай;100,20,94;208,240,192;13,0,20,6;D0F0C0
Грушево-зеленый;66,78,89;209,226,49;8,0,78,11;D1E231
Шоколадный;25,86,82;210,105,30;0,50,86,18;D2691E
Цвет загара;34,33,82;210,180,140;0,14,33,18;D2B48C
Умеренный красновато-оранжевый;10,73,83;211,83,57;0,61,73,17;D35339
Розовый антик;359,48,83;211,110,112;0,48,47,17;D36E70
Серовато-желтовато-розовый;17,37,83;211,155,133;0,27,37,17;D39B85
Яркий пурпурно-красный;342,82,84;213,38,91;0,82,57,16;D5265B
Клубнично-красный;359,77,84;213,48,50;0,77,77,16;D53032
Тициановый;16,97,84;213,62,7;0,71,97,16;D53E07
Ванильный;20,70,84;213,113,63;0,47,70,16;D5713F
Сырая охра;24,58,84;214,138,89;0,36,58,16;D68A59
Желтый ракитник;49,100,84;214,174,1;0,19,100,16;D6AE01
Грузинский розовый;335,89,84;215,24,104;0,89,52,16;D71868
Глубокий оранжево-желтый;31,100,84;215,110,0;0,49,100,16;D76E00
Умеренный желтый;37,70,84;215,157,65;0,27,70,16;D79D41
Светло-серый;0,0,84;215,215,215;0,0,0,16;D7D7D7
Светло-тициановый;14,85,85;216,75,32;0,65,85,15;D84B20
Бледный фиолетово-красный;340,48,85;216,112,147;0,48,32,15;D87093
Очень бледный фиолетовый;338,18,85;216,177,191;0,18,12,15;D8B1BF
Чертополох;300,12,85;216,191,216;0,12,0,15;D8BFD8
Очень бледный зеленый;70,16,87;216,222,186;3,0,16,13;D8DEBA
Лососево-красный;11,78,85;217,80,48;0,63,78,15;D95030
Орхидея;302,49,85;218,112,214;0,49,2,15;DA70D6
Золотисто-березовый;43,85,85;218,165,32;0,24,85,15;DAA520
Бледно-песочный;23,22,85;218,189,171;0,13,22,15;DABDAB
Лиловый;340,49,86;219,112,147;0,49,33,14;DB7093
Лесной волк;33,4,86;219,215,210;0,2,4,14;DBD7D2
Малиновый;348,91,86;220,20,60;0,91,73,14;DC143C
Нарциссово-желтый;43,100,86;220,157,0;0,29,100,14;DC9D00
Светло-розовато-лиловый;255,18,100;220,208,255;14,18,0,0;DCD0FF
Светлый желто-зеленый;55,52,86;220,211,106;0,4,52,14;DCD36A
Гейнсборо;0,0,86;220,220,220;0,0,0,14;DCDCDC
Светло-вишневый Крайола;329,69,87;221,68,146;0,69,34,13;DD4492
Блестящий пурпурный;311,42,87;221,128,204;0,42,8,13;DD80CC
Медный Крайола;18,47,87;221,148,117;0,33,47,13;DD9475
Светлая слива;300,28,87;221,160,221;0,28,0,13;DDA0DD
Бледно-каштановый;358,22,87;221,173,175;0,22,21,13;DDADAF
Тусклый амарантово-розовый;350,14,87;221,190,195;0,14,12,13;DDBEC3
Светлая вишня;343,78,87;222,49,99;0,78,55,13;DE3163
Вересково-фиолетовый;335,66,87;222,76,138;0,66,38,13;DE4C8A
Румянец;342,58,87;222,93,131;0,58,41,13;DE5D83
Перекатиполе;24,39,87;222,170,136;0,23,39,13;DEAA88
Гелиотроп;286,55,100;223,115,255;13,55,0,0;DF73FF
Ярко-сиреневый;276,31,100;224,176,255;12,31,0,0;E0B0FF
Светлый циан;180,12,100;224,255,255;12,0,0,0;E0FFFF
Желтая слоновая кость;51,65,88;225,204,79;0,9,65,12;E1CC4F
Умеренный пурпурно-розовый;350,43,89;226,128,144;0,43,36,11;E28090
Цвет суеты;338,84,89;227,37,107;0,84,53,11;E3256B
Ализариновый красный;355,83,89;227,38,54;0,83,76,11;E32636
Киноварь (китайский красный);5,77,89;227,66,52;0,71,77,11;E34234
Очень светло-пурпурный;338,26,89;227,169,190;0,26,16,11;E3A9BE
Гуммигут;39,93,89;228,155,15;0,32,93,11;E49B0F
Кукурузно-желтый;41,93,89;228,160,16;0,30,93,11;E4A010
Амарантовый;348,81,90;229,43,80;0,81,65,10;E52B50
Лососево-оранжевый;9,76,90;229,81,55;0,65,76,10;E55137
Насыщенный желтый;38,86,90;229,158,31;0,31,86,10;E59E1F
Сигнальный желтый;50,100,90;229,190,1;0,17,100,10;E5BE01
Светлый малиново-красный;354,78,90;230,50,68;0,78,70,10;E63244
Светло-карминово-розовый;3,58,90;230,103,97;0,55,58,10;E66761
Орхидея Крайола;315,27,90;230,168,215;0,27,7,10;E6A8D7
Очень бледно-пурпурный;352,19,90;230,187,193;0,19,16,10;E6BBC1
Светлая слоновая кость;49,37,90;230,214,144;0,7,37,10;E6D690
Лаванда;240,8,98;230,230,250;8,8,0,2;E6E6FA
Темно-розовый;342,64,91;231,84,128;0,64,45,9;E75480
Золотой Крайола;35,35,91;231,198,151;0,14,35,9;E7C697
Умеренный оранжевый;21,73,91;232,121,62;0,48,73,9;E8793E
Сиена жженая;14,65,91;233,116,81;0,50,65,9;E97451
Темно-лососивый;15,48,91;233,150,122;0,36,48,9;E9967A
Огненная Сиенна Крайола;14,60,92;234,126,93;0,46,60,8;EA7E5D
Светло-розово-лиловый;349,41,92;234,137,154;0,41,34,8;EA899A
Фиалковый;293,43,97;234,141,247;5,43,0,3;EA8DF7
Жемчужно-белый;53,14,92;234,230,202;0,2,14,8;EAE6CA
Карминно-розовый;4,72,92;235,76,66;0,68,72,8;EB4C42
Глубокий пурпурно-розовый;340,65,92;235,82,132;0,65,44,8;EB5284
Циннвальдит;19,26,92;235,194,175;0,17,26,8;EBC2AF
Чертополох Крайола;320,15,92;235,199,223;0,15,5,8;EBC7DF
Насыщенный оранжевый;26,84,93;236,124,38;0,47,84,7;EC7C26
Весеннезеленый Крайола;57,19,93;236,234,190;0,1,19,7;ECEABE
Бледный весенний бутон;59,20,93;236,235,189;0,0,20,7;ECEBBD
Амарантовый маджента;312,75,93;237,60,202;0,75,15,7;ED3CCA
Желто-оранжевый;28,94,93;237,118,14;0,50,94,7;ED760E
Светло-Морковный;33,86,93;237,145,33;0,39,86,7;ED9121
Маисовый;39,34,93;237,209,156;0,12,34,7;EDD19C
Желтая сера;65,87,100;237,255,33;7,0,87,0;EDFF21
Красный Крайола;347,87,93;238,32,77;0,87,68,7;EE204D
Розово-фиолетовый;300,45,93;238,130,238;0,45,0,7;EE82EE
Умеренный розовый;6,44,93;238,144,134;0,39,44,7;EE9086
Умеренный желтовато-розовый;15,51,93;238,147,116;0,38,51,7;EE9374
Очень светлый фиолетовый;296,21,95;238,190,241;1,21,0,5;EEBEF1
Старый лен;50,45,93;238,220,130;0,8,45,7;EEDC82
Бледно-золотистый;55,29,93;238,232,170;0,3,29,7;EEE8AA
Мовеин (анилиновый пурпур);322,100,94;239,0,151;0,100,37,6;EF0097
Глубокий карминно-розовый;357,80,94;239,48,56;0,80,77,6;EF3038
Розовато-лиловый Крайола;348,36,94;239,152,170;0,36,29,6;EF98AA
Пастельно-желтый;35,69,94;239,169,74;0,29,69,6;EFA94A
Песок пустыни;23,23,94;239,205,184;0,14,23,6;EFCDB8
Грушевый;51,78,94;239,211,52;0,12,78,6;EFD334
Миндаль Крайола;30,14,94;239,222,205;0,7,14,6;EFDECD
Бледный желтовато-зеленый;42,37,94;240,214,152;0,11,37,6;F0D698
Кожа буйвола (палевый);49,46,94;240,220,130;0,8,46,6;F0DC82
Светлый хаки;54,42,94;240,230,140;0,4,42,6;F0E68C
Зелено-желтый Крайола;55,40,94;240,232,145;0,3,40,6;F0E891
Синяя Элис;208,6,100;240,248,255;6,3,0,0;F0F8FF
Медовый;120,6,100;240,255,240;6,0,6,0;F0FFF0
Небесная лазурь;180,6,100;240,255,255;6,0,0,0;F0FFFF
Яркий красновато-оранжевый;11,92,95;241,58,19;0,76,92,5;F13A13
Амарантово-розовый;338,35,95;241,156,187;0,35,22,5;F19CBB
Мандариновый;33,100,95;242,133,0;0,45,100,5;F28500
Сливочный;45,17,95;242,232,201;0,4,17,5;F2E8C9
Гранатовый;10,86,95;243,71,35;0,71,86,5;F34723
Морковный;18,86,95;243,98,35;0,60,86,5;F36223
Солнечно-желтый;37,90,95;243,159,24;0,35,90,5;F39F18
Георгиново-желтый;40,98,95;243,165,5;0,32,98,5;F3A505
Рапсово-желтый;54,95,95;243,218,11;0,10,95,5;F3DA0B
Модная фуксия;320,100,96;244,0,161;0,100,34,4;F400A1
Красный песок;28,61,96;244,164,96;0,33,61,4;F4A460
Дынно-желтый;42,100,96;244,169,0;0,31,100,4;F4A900
Шафрановый;45,80,96;244,196,48;0,20,80,4;F4C430
Яркий зеленовато-желтый;49,100,96;244,200,0;0,18,100,4;F4C800
Транспортный оранжевый;9,87,96;245,64,33;0,74,87,4;F54021
Шафраново-желтый;49,79,96;245,208,51;0,15,79,4;F5D033
Пшеничный;39,27,96;245,222,179;0,9,27,4;F5DEB3
Зеленовато-белый;39,17,96;245,230,203;0,6,17,4;F5E6CB
Бежевый;60,10,96;245,245,220;0,0,10,4;F5F5DC
Дымчато-белый;0,0,96;245,245,245;0,0,0,4;F5F5F5
Мятно-кремовый;150,4,100;245,255,250;4,0,2,0;F5FFFA
Глубокий желтовато-розовый;1,72,96;246,74,70;0,70,72,4;F64A46
Французский розовый;338,70,96;246,74,138;0,70,44,4;F64A8A
Маджента Крайола;329,59,96;246,100,175;0,59,29,4;F664AF
Насыщенный пурпурно-розовый;349,52,96;246,118,142;0,52,42,4;F6768E
Фиолетово-красный Крайола;336,66,97;247,83,148;0,66,40,3;F75394
Ярко-красно-оранжевый;16,85,97;247,94,37;0,62,85,3;F75E25
Розовый щербет;346,42,97;247,143,167;0,42,32,3;F78FA7
Умеренный оранжево-желтый;28,76,97;247,148,60;0,40,76,3;F7943C
Цвет детской неожиданности;59,89,97;247,242,26;0,2,89,3;F7F21A
Люминесцентный красный;0,100,97;248,0,0;0,100,100,3;F80000
Пламенная Маджента Крайола;350,91,97;248,23,62;0,91,75,3;F8173E
Оранжево-желтый Крайола;45,58,97;248,213,104;0,14,58,3;F8D568
Цинково-желтый;59,83,97;248,243,43;0,2,83,3;F8F32B
Магнолия;262,4,100;248,244,255;3,4,0,0;F8F4FF
Призрачно-белый;240,3,100;248,248,255;3,3,0,0;F8F8FF
Светло-розовая фуксия;305,47,98;249,132,239;0,47,4,2;F984EF
Синевато-белый;23,17,98;249,223,207;0,10,17,2;F9DFCF
Цвет загара Крайола;25,57,98;250,167,108;0,33,57,2;FAA76C
Транспортно-желтый;50,100,98;250,210,1;0,16,100,2;FAD201
Бледно-розовый;354,13,98;250,218,221;0,13,12,2;FADADD
Пурпурно-белый;23,20,98;250,219,200;0,12,20,2;FADBC8
Желто-персиковый;39,31,98;250,223,173;0,11,31,2;FADFAD
Банана мания;43,28,98;250,231,181;0,8,28,2;FAE7B5
Белый-антик;34,14,98;250,235,215;0,6,14,2;FAEBD7
Бедра испуганной нимфы;35,12,98;250,238,221;0,5,12,2;FAEEDD
Льняной;30,8,98;250,240,230;0,4,8,2;FAF0E6
Светло-желтый золотистый;60,16,98;250,250,210;0,0,16,2;FAFAD2
Крутой розовый Крайола;348,62,98;251,96,127;0,62,49,2;FB607F
Шокирующий розовый Крайола;299,50,99;251,126,253;1,50,0,1;FB7EFD
Лавандовый розовый;316,36,98;251,160,227;0,36,10,2;FBA0E3
Абрикосовый;24,29,98;251,206,177;0,18,29,2;FBCEB1
Кукурузный;54,63,98;251,236,93;0,6,63,2;FBEC5D
Ярко-розовый;315,94,99;252,15,192;0,94,24,1;FC0FC0
Скарлет;351,84,99;252,40,71;0,84,72,1;FC2847
Дикий арбуз Крайола;350,57,99;252,108,133;0,57,47,1;FC6C85
Розовый фламинго;300,54,99;252,116,253;0,54,0,1;FC74FD
Розовый "Пощекочи меня";342,46,99;252,137,172;0,46,32,1;FC89AC
Лавандовый Крайола;333,29,99;252,180,213;0,29,15,1;FCB4D5
Золотарник Крайола;44,54,99;252,217,117;0,14,54,1;FCD975
Песочный;46,53,99;252,221,118;0,12,53,1;FCDD76
Желтый Крайола;50,48,99;252,232,131;0,8,48,1;FCE883
Оранжевая заря;4,67,99;253,94,83;0,63,67,1;FD5E53
Насыщенный розовый;0,51,99;253,123,124;0,51,51,1;FD7B7C
Горько-сладкий;6,57,99;253,124,110;0,51,57,1;FD7C6E
Дыня Крайола;7,29,99;253,188,180;0,26,29,1;FDBCB4
Бледный пурпурно-розовый;3,26,99;253,189,186;0,25,26,1;FDBDBA
Крайоловый Абрикос;28,30,99;253,213,177;0,16,30,1;FDD5B1
Абрикосовый Крайола;30,28,99;253,217,181;0,14,28,1;FDD9B5
Одуванчиковый;46,57,99;253,219,109;0,13,57,1;FDDB6D
Розовый поросенок;343,13,99;253,221,230;0,13,9,1;FDDDE6
Лимонный;55,94,99;253,233,16;0,8,94,1;FDE910
Светло-песочный;47,34,99;253,234,168;0,8,34,1;FDEAA8
Кремовый;39,10,99;253,244,227;0,4,10,1;FDF4E3
Старое кружево;39,9,99;253,245,230;0,3,9,1;FDF5E6
Персидский розовый;326,84,100;254,40,162;0,84,36,0;FE28A2
Лазерный лимон;60,87,100;254,254,34;0,0,87,0;FEFE22
Красный;0,100,100;255,0,0;0,100,100,0;FF0000
Пурпурная пицца;312,100,100;255,0,204;0,100,20,0;FF00CC
Маджента,фуксия;300,100,100;255,0,255;0,100,0,0;FF00FF
Американский розовый;346,99,100;255,3,62;0,99,76,0;FF033E
Глубокий розовый;328,92,100;255,20,147;0,92,42,0;FF1493
Алый;8,100,100;255,36,0;0,86,100,0;FF2400
Оранжево-красный Крайола;0,83,100;255,43,43;0,83,83,0;FF2B2B
Экстравагантный розовый Крайола;315,80,100;255,51,204;0,80,20,0;FF33CC
Глубокий коралловый;0,75,100;255,64,64;0,75,75,0;FF4040
Дикая клубника Крайола;329,74,100;255,67,164;0,74,36,0;FF43A4
Звезды в шоке;317,72,100;255,71,202;0,72,21,0;FF47CA
Радикальный красный;348,71,100;255,73,108;0,71,58,0;FF496C
Киноварь;18,100,100;255,77,0;0,70,100,0;FF4D00
Международный (сигнальный) оранжевый;19,100,100;255,79,0;0,69,100,0;FF4F00
Красно-оранжевый Крайола;3,71,100;255,83,73;0,67,71,0;FF5349
Томатный;9,72,100;255,99,71;0,61,72,0;FF6347
Яркий оранжевый;24,100,100;255,104,0;0,59,100,0;FF6800
Скандальный оранжевый;12,71,100;255,110,74;0,57,71,0;FF6E4A
Пастельно-оранжевый;25,92,100;255,117,20;0,54,92,0;FF7514
Тыква;24,91,100;255,117,24;0,54,91,0;FF7518
Оранжевый Крайола;18,78,100;255,117,56;0,54,78,0;FF7538
Розовая фуксия;300,53,100;255,119,255;0,53,0,0;FF77FF
Насыщенный желтовато-розовый;11,64,100;255,122,92;0,52,64,0;FF7A5C
Темный янтарь;30,100,100;255,126,0;0,51,100,0;FF7E00
Пылкий розовый;350,51,100;255,126,147;0,51,42,0;FF7E93
Огненный оранжевый;18,71,100;255,127,73;0,50,71,0;FF7F49
Коралловый;16,69,100;255,127,80;0,50,69,0;FF7F50
Манго-танго;20,74,100;255,130,67;0,49,74,0;FF8243
Яркий желтовато-розовый;15,64,100;255,132,92;0,48,64,0;FF845C
Темно-оранжевый;33,100,100;255,140,0;0,45,100,0;FF8C00
Лососевый;14,59,100;255,140,105;0,45,59,0;FF8C69
Яркий оранжево-желтый;33,100,100;255,142,0;0,44,100,0;FF8E00
Насыщенный оранжево-желтый;32,95,100;255,142,13;0,44,95,0;FF8E0D
Блестящий пурпурно-розовый;339,41,100;255,151,187;0,41,27,0;FF97BB
Сигнальный оранжевый цвет;36,100,100;255,153,0;0,40,100,0;FF9900
Оранжево-розовый;20,60,100;255,153,102;0,40,60,0;FF9966
Лососевый Крайола;351,39,100;255,155,170;0,39,33,0;FF9BAA
Кожура-апельсина;38,100,100;255,160,0;0,37,100,0;FFA000
Ярко-мандариновый;12,46,100;255,160,137;0,37,46,0;FFA089
Светлый оранжевый;24,62,100;255,161,97;0,37,62,0;FFA161
Неоново-морковный;31,74,100;255,163,67;0,36,74,0;FFA343
Люминесцентный ярко-оранжевый;36,87,100;255,164,32;0,36,87,0;FFA420
Цвет маленького мандарина;21,55,100;255,164,116;0,36,55,0;FFA474
Оранжевый;39,100,100;255,165,0;0,35,100,0;FFA500
Темно-мандариновый;38,93,100;255,168,18;0,34,93,0;FFA812
Светлый пурпурно-розовый;355,34,100;255,168,175;0,34,31,0;FFA8AF
Розовая гвоздика;336,33,100;255,170,204;0,33,20,0;FFAACC
Желто-оранжевый Крайола;34,74,100;255,174,66;0,32,74,0;FFAE42
Бриллиантовыый оранжево-желтый;37,82,100;255,176,46;0,31,82,0;FFB02E
Светлый желтовато-розовый;20,45,100;255,178,139;0,30,45,0;FFB28B
Ярко-желтый;42,100,100;255,179,0;0,30,100,0;FFB300
Светло-розовый;351,29,100;255,182,193;0,29,24,0;FFB6C1
Блестящий оранжевый;38,75,100;255,184,65;0,28,75,0;FFB841
Насыщенный красновато-оранжевый;33,62,100;255,185,97;0,27,62,0;FFB961
Отборный желтый;44,100,100;255,186,0;0,27,100,0;FFBA00
Светло-коралловый;11,32,100;255,188,173;0,26,32,0;FFBCAD
Сладкая вата;334,26,100;255,188,217;0,26,15,0;FFBCD9
Макароны и сыр;27,47,100;255,189,136;0,26,47,0;FFBD88
Янтарный;45,100,100;255,191,0;0,25,100,0;FFBF00
Розовый;350,25,100;255,192,203;0,25,20,0;FFC0CB
Бледный желтовато-розовый;22,34,100;255,200,168;0,22,34,0;FFC8A8
Бледный оранжево-желтый;34,47,100;255,202,134;0,21,47,0;FFCA86
Циннвальдитово-розовый;14,27,100;255,203,187;0,20,27,0;FFCBBB
Бледно розоватый;342,20,100;255,203,219;0,20,14,0;FFCBDB
Цвет Яндекса;48,100,100;255,204,0;0,20,100,0;FFCC00
Оранжево-персиковый;30,40,100;255,204,153;0,20,40,0;FFCC99
Блестящий желтый;45,75,100;255,207,64;0,19,75,0;FFCF40
Восход солнца;44,72,100;255,207,72;0,19,72,0;FFCF48
Персиковый Крайола;26,33,100;255,207,171;0,19,33,0;FFCFAB
Пастельно-розовый;346,18,100;255,209,220;0,18,14,0;FFD1DC
Светлый глубокий желтый;43,63,100;255,211,95;0,17,63,0;FFD35F
Золотой;51,100,100;255,215,0;0,16,100,0;FFD700
Темно-персиковый;28,27,100;255,218,185;0,15,27,0;FFDAB9
Горчичный;47,65,100;255,219,88;0,14,65,0;FFDB58
Бледно-желтый;41,45,100;255,219,139;0,14,45,0;FFDB8B
Блестящий зеленовато-желтый;50,80,100;255,220,51;0,14,80,0;FFDC33
Светлый зеленовато-желтый;48,65,100;255,222,90;0,13,65,0;FFDE5A
Белый навахо;36,32,100;255,222,173;0,13,32,0;FFDEAD
Бледный зеленовато-желтый;44,48,100;255,223,132;0,13,48,0;FFDF84
Желтовато-белый;36,28,100;255,226,183;0,11,28,0;FFE2B7
Мокасиновый;38,29,100;255,228,181;0,11,29,0;FFE4B5
Бисквитный;33,23,100;255,228,196;0,11,23,0;FFE4C4
Тускло-розовый;6,12,100;255,228,225;0,11,12,0;FFE4E1
Персиковый;39,29,100;255,229,180;0,10,29,0;FFE5B4
Очищенный миндаль;36,20,100;255,235,205;0,8,20,0;FFEBCD
Светло-золотистый;50,45,100;255,236,139;0,7,45,0;FFEC8B
Побег папайи;37,16,100;255,239,213;0,6,16,0;FFEFD5
Розово-лавандовый;340,6,100;255,240,245;0,6,4,0;FFF0F5
Лимонно-желтый Крайола;56,69,100;255,244,79;0,4,69,0;FFF44F
Цвет морской раковины;25,7,100;255,245,238;0,4,7,0;FFF5EE
Цвет шелковистых нитевидных пестиков початков неспелой кукурузы;48,14,100;255,248,220;0,3,14,0;FFF8DC
Космические сливки;42,9,100;255,248,231;0,3,9,0;FFF8E7
Лимонно-кремовый;54,20,100;255,250,205;0,2,20,0;FFFACD
Цветочный белый;40,6,100;255,250,240;0,2,6,0;FFFAF0
Белоснежный;0,2,100;255,250,250;0,2,2,0;FFFAFA
Кремово-желтый;57,18,100;255,253,208;0,1,18,0;FFFDD0
Желтый;60,100,100;255,255,0;0,0,100,0;FFFF00
Незрелый желтый;60,60,100;255,255,102;0,0,60,0;FFFF66
Канареечный (ярко-желтый);60,40,100;255,255,153;0,0,40,0;FFFF99
Светло-желтый;60,12,100;255,255,224;0,0,12,0;FFFFE0
Слоновая кость;60,6,100;255,255,240;0,0,6,0;FFFFF0
Белый;0,0,100;255,255,255;0,0,0,0;FFFFFF
